,Total_in_slice,Lowest_lon,Highest_lon,Lowest_lat,Highest_lat,x_Resolution,y_Resolution
raster_fulrez_4326_1.8e+05_to_3.3e+06,33009862656.0,-130.22872289866007,-63.66329208342695,21.74155215348326,52.87349156543791,0.01086250502859798,0.010862505028590874
raster_fulrez_4326_1.8e+05_to_3.3e+06_none_with_0,33009862656.0,-130.22872289866007,-63.66329208342695,21.74155215348326,52.87349156543791,0.01086250502859798,0.010862505028590874
raster_lowres_4326_1.8e+05_to_3.3e+06,33009868800.0,-130.00770417389455,-63.88431080819245,21.965112091535016,52.64993162738615,0.452899954559598,0.4579823811321049
raster_fulrez_5070_1.8e+05_to_3.3e+06_none_with_0,33012176896.0,-2492545.0,2342455.0,177785.0,3309785.0,1000.0,1000.0
raster_cf_nc_4326_1.8e+05_to_3.3e+0,21909682176.0,-180.0,179.375,-90.0,90.0,0.625,0.5
